content,video_title,timestamp
'全自动车祸你说责任是谁所以,BV1ZDGYz6Eko | 长城汽车智能化，如何向前走？,
5,BV1ZDGYz6Eko | 长城汽车智能化，如何向前走？,
4,BV1ZDGYz6Eko | 长城汽车智能化，如何向前走？,
5,BV1ZDGYz6Eko | 长城汽车智能化，如何向前走？,
*雷军不早说过了，当初有谁听呢,BV1ZDGYz6Eko | 长城汽车智能化，如何向前走？,
5,BV1ZDGYz6Eko | 长城汽车智能化，如何向前走？,
5,BV1ZDGYz6Eko | 长城汽车智能化，如何向前走？,
5,BV1ZDGYz6Eko | 长城汽车智能化，如何向前走？,
5,BV1ZDGYz6Eko | 长城汽车智能化，如何向前走？,
相信,BV1ZDGYz6Eko | 长城汽车智能化，如何向前走？,
相信,BV1ZDGYz6Eko | 长城汽车智能化，如何向前走？,
	不相信,BV1ZDGYz6Eko | 长城汽车智能化，如何向前走？,
	不相信,BV1ZDGYz6Eko | 长城汽车智能化，如何向前走？,
	不相信,BV1ZDGYz6Eko | 长城汽车智能化，如何向前走？,
	不相信,BV1ZDGYz6Eko | 长城汽车智能化，如何向前走？,
为什么没有弹幕？,BV1ZDGYz6Eko | 长城汽车智能化，如何向前走？,
相信,BV1ZDGYz6Eko | 长城汽车智能化，如何向前走？,
相信,BV1ZDGYz6Eko | 长城汽车智能化，如何向前走？,
5,BV1ZDGYz6Eko | 长城汽车智能化，如何向前走？,
	不相信,BV1ZDGYz6Eko | 长城汽车智能化，如何向前走？,
相信,BV1ZDGYz6Eko | 长城汽车智能化，如何向前走？,
相信,BV1ZDGYz6Eko | 长城汽车智能化，如何向前走？,
	不相信,BV1ZDGYz6Eko | 长城汽车智能化，如何向前走？,
	不相信,BV1ZDGYz6Eko | 长城汽车智能化，如何向前走？,
	不相信,BV1ZDGYz6Eko | 长城汽车智能化，如何向前走？,
相信,BV1ZDGYz6Eko | 长城汽车智能化，如何向前走？,
5,BV1ZDGYz6Eko | 长城汽车智能化，如何向前走？,
保定人听到家乡话,BV1ZDGYz6Eko | 长城汽车智能化，如何向前走？,
敬畏越野，敬畏智驾,BV1ZDGYz6Eko | 长城汽车智能化，如何向前走？,
买长城，当闺男,BV1ZDGYz6Eko | 长城汽车智能化，如何向前走？,
4,BV1ZDGYz6Eko | 长城汽车智能化，如何向前走？,
4,BV1ZDGYz6Eko | 长城汽车智能化，如何向前走？,
$元戎做的，元戎不配有名字,BV1ZDGYz6Eko | 长城汽车智能化，如何向前走？,
1,BV1ZDGYz6Eko | 长城汽车智能化，如何向前走？,
撞亖人了想起来补救了,BV1ZDGYz6Eko | 长城汽车智能化，如何向前走？,
9直说是鸿蒙座舱不就好了，花钱买的不丢人,BV1ZDGYz6Eko | 长城汽车智能化，如何向前走？,
遥遥领先无所谓的,BV1ZDGYz6Eko | 长城汽车智能化，如何向前走？,
d现在智驾确实比国外先进但是也只在能用阶段而已 没有到达脱离驾驶的范畴,BV1ZDGYz6Eko | 长城汽车智能化，如何向前走？,
5,BV1ZDGYz6Eko | 长城汽车智能化，如何向前走？,
5,BV1ZDGYz6Eko | 长城汽车智能化，如何向前走？,
5,BV1ZDGYz6Eko | 长城汽车智能化，如何向前走？,
5,BV1ZDGYz6Eko | 长城汽车智能化，如何向前走？,
4,BV1ZDGYz6Eko | 长城汽车智能化，如何向前走？,
(所以用的哪套芯片和ai芯片呢  ,BV1ZDGYz6Eko | 长城汽车智能化，如何向前走？,
我要笑死了。长城智驾,BV1ZDGYz6Eko | 长城汽车智能化，如何向前走？,
5,BV1ZDGYz6Eko | 长城汽车智能化，如何向前走？,
	不够劲,BV1ZDGYz6Eko | 长城汽车智能化，如何向前走？,
相信,BV1ZDGYz6Eko | 长城汽车智能化，如何向前走？,
5,BV1ZDGYz6Eko | 长城汽车智能化，如何向前走？,
遥遥领先,BV1ZDGYz6Eko | 长城汽车智能化，如何向前走？,
{完全无人参与的智驾，除非以后双方智驾出车祸由车商负责赔偿，否则永远不要相信无人驾驶,BV1ZDGYz6Eko | 长城汽车智能化，如何向前走？,
5,BV1ZDGYz6Eko | 长城汽车智能化，如何向前走？,
`越是智能化越是死得惨，智能化目前封顶了，智驾还只是传说，谁夸谁死,BV1ZDGYz6Eko | 长城汽车智能化，如何向前走？,
4,BV1ZDGYz6Eko | 长城汽车智能化，如何向前走？,
'余承东：安全才是最大的豪华,BV1ZDGYz6Eko | 长城汽车智能化，如何向前走？,
5,BV1ZDGYz6Eko | 长城汽车智能化，如何向前走？,
5,BV1ZDGYz6Eko | 长城汽车智能化，如何向前走？,
2,BV1ZDGYz6Eko | 长城汽车智能化，如何向前走？,
5,BV1ZDGYz6Eko | 长城汽车智能化，如何向前走？,
5,BV1ZDGYz6Eko | 长城汽车智能化，如何向前走？,
4,BV1ZDGYz6Eko | 长城汽车智能化，如何向前走？,
4,BV1ZDGYz6Eko | 长城汽车智能化，如何向前走？,
4,BV1ZDGYz6Eko | 长城汽车智能化，如何向前走？,
5,BV1ZDGYz6Eko | 长城汽车智能化，如何向前走？,
3长城吹嘘它是智驾领先者吗？继续吹啊,BV1ZDGYz6Eko | 长城汽车智能化，如何向前走？,
0之前不负责任吹牛逼的，能判刑吗？,BV1ZDGYz6Eko | 长城汽车智能化，如何向前走？,
2,BV1ZDGYz6Eko | 长城汽车智能化，如何向前走？,
<大嘴：我要遥遥领先怎么啦，反正我坐迈巴赫,BV1ZDGYz6Eko | 长城汽车智能化，如何向前走？,
!这下国产之光就不会了。,BV1ZDGYz6Eko | 长城汽车智能化，如何向前走？,
	亏心不,BV1ZDGYz6Eko | 长城汽车智能化，如何向前走？,
E长城在重庆建厂都好些年了，做到这样不是应该的吗,BV1ZDGYz6Eko | 长城汽车智能化，如何向前走？,
3,BV1ZDGYz6Eko | 长城汽车智能化，如何向前走？,
2CC你这就招笑了，你连比亚迪都比不过,BV1ZDGYz6Eko | 长城汽车智能化，如何向前走？,
别人评测都没见带CC的,BV1ZDGYz6Eko | 长城汽车智能化，如何向前走？,
	敬魏！,BV1ZDGYz6Eko | 长城汽车智能化，如何向前走？,
5,BV1ZDGYz6Eko | 长城汽车智能化，如何向前走？,
5,BV1ZDGYz6Eko | 长城汽车智能化，如何向前走？,
5,BV1ZDGYz6Eko | 长城汽车智能化，如何向前走？,
5,BV1ZDGYz6Eko | 长城汽车智能化，如何向前走？,
因为长城给你打钱了！,BV1ZDGYz6Eko | 长城汽车智能化，如何向前走？,
K长城开始撒钱买口碑了？不谈谈它们令人作呕的营销了？,BV1ZDGYz6Eko | 长城汽车智能化，如何向前走？,
	斗鸡眼,BV1ZDGYz6Eko | 长城汽车智能化，如何向前走？,
5,BV1ZDGYz6Eko | 长城汽车智能化，如何向前走？,
无图智驾。,BV1ZDGYz6Eko | 长城汽车智能化，如何向前走？,
$张口就来，长城没买华为的,BV1ZDGYz6Eko | 长城汽车智能化，如何向前走？,
5,BV1ZDGYz6Eko | 长城汽车智能化，如何向前走？,
速度就是信仰！,BV1ZDGYz6Eko | 长城汽车智能化，如何向前走？,
CC懂的都懂,BV1ZDGYz6Eko | 长城汽车智能化，如何向前走？,
	不相信,BV1ZDGYz6Eko | 长城汽车智能化，如何向前走？,
1,BV1ZDGYz6Eko | 长城汽车智能化，如何向前走？,
<我想起小米su7那个吧生命交给辅助驾驶的人机,BV1ZDGYz6Eko | 长城汽车智能化，如何向前走？,
	白吊搭,BV1ZDGYz6Eko | 长城汽车智能化，如何向前走？,
5,BV1ZDGYz6Eko | 长城汽车智能化，如何向前走？,
现在顶天l2，差的远了,BV1ZDGYz6Eko | 长城汽车智能化，如何向前走？,
1,BV1ZDGYz6Eko | 长城汽车智能化，如何向前走？,
大嘴：丸辣,BV1ZDGYz6Eko | 长城汽车智能化，如何向前走？,
5,BV1ZDGYz6Eko | 长城汽车智能化，如何向前走？,
5,BV1ZDGYz6Eko | 长城汽车智能化，如何向前走？,
科技保持敬畏？呸,BV1ZDGYz6Eko | 长城汽车智能化，如何向前走？,
3,BV1ZDGYz6Eko | 长城汽车智能化，如何向前走？,
5,BV1ZDGYz6Eko | 长城汽车智能化，如何向前走？,
5,BV1ZDGYz6Eko | 长城汽车智能化，如何向前走？,
←幽默猴米又上线了,BV1ZDGYz6Eko | 长城汽车智能化，如何向前走？,
5,BV1ZDGYz6Eko | 长城汽车智能化，如何向前走？,
-雷总这波在大气层，君子以身入局,BV1ZDGYz6Eko | 长城汽车智能化，如何向前走？,
5,BV1ZDGYz6Eko | 长城汽车智能化，如何向前走？,
0工具是被人操控的，不能脱离本质。,BV1ZDGYz6Eko | 长城汽车智能化，如何向前走？,
Q因为嘴上说说很容易，我可以说我一百年前就在做智能驾驶了,BV1ZDGYz6Eko | 长城汽车智能化，如何向前走？,
5,BV1ZDGYz6Eko | 长城汽车智能化，如何向前走？,
5,BV1ZDGYz6Eko | 长城汽车智能化，如何向前走？,
5,BV1ZDGYz6Eko | 长城汽车智能化，如何向前走？,
	不相信,BV1ZDGYz6Eko | 长城汽车智能化，如何向前走？,
相信,BV1ZDGYz6Eko | 长城汽车智能化，如何向前走？,
5,BV1ZDGYz6Eko | 长城汽车智能化，如何向前走？,
5,BV1ZDGYz6Eko | 长城汽车智能化，如何向前走？,
4,BV1ZDGYz6Eko | 长城汽车智能化，如何向前走？,
5,BV1ZDGYz6Eko | 长城汽车智能化，如何向前走？,
遥遥领先,BV1ZDGYz6Eko | 长城汽车智能化，如何向前走？,
K试驾过长城的智驾才有发言权，人心中的成见是一座大山,BV1ZDGYz6Eko | 长城汽车智能化，如何向前走？,
5,BV1ZDGYz6Eko | 长城汽车智能化，如何向前走？,
H我自己试驾过各种新能源的智驾，保守讲长城能排第二,BV1ZDGYz6Eko | 长城汽车智能化，如何向前走？,
*没有自动驾驶，全都是辅助驾驶,BV1ZDGYz6Eko | 长城汽车智能化，如何向前走？,
大家不要嘲笑他,BV1ZDGYz6Eko | 长城汽车智能化，如何向前走？,
这是点名大嘴呢,BV1ZDGYz6Eko | 长城汽车智能化，如何向前走？,
5,BV1ZDGYz6Eko | 长城汽车智能化，如何向前走？,
5,BV1ZDGYz6Eko | 长城汽车智能化，如何向前走？,
5,BV1ZDGYz6Eko | 长城汽车智能化，如何向前走？,
3完全放开，路上没有一个人工驾驶的车,BV1ZDGYz6Eko | 长城汽车智能化，如何向前走？,
5,BV1ZDGYz6Eko | 长城汽车智能化，如何向前走？,
5,BV1ZDGYz6Eko | 长城汽车智能化，如何向前走？,
cc也接，算了,BV1ZDGYz6Eko | 长城汽车智能化，如何向前走？,
周杰伦的方向盘？,BV1ZDGYz6Eko | 长城汽车智能化，如何向前走？,
E目前没有完全自动驾驶，只有辅助驾驶，这是常识啊,BV1ZDGYz6Eko | 长城汽车智能化，如何向前走？,
阿bin也来做车媒体了,BV1ZDGYz6Eko | 长城汽车智能化，如何向前走？,
5,BV1ZDGYz6Eko | 长城汽车智能化，如何向前走？,
9易车aeb测试倒数第二，确实还处于初始阶段,BV1ZDGYz6Eko | 长城汽车智能化，如何向前走？,
易车aeb倒数第二,BV1ZDGYz6Eko | 长城汽车智能化，如何向前走？,
*人家知道怎么走，你来个标题党,BV1ZDGYz6Eko | 长城汽车智能化，如何向前走？,
5,BV1ZDGYz6Eko | 长城汽车智能化，如何向前走？,
5,BV1ZDGYz6Eko | 长城汽车智能化，如何向前走？,
多谢余承东,BV1ZDGYz6Eko | 长城汽车智能化，如何向前走？,
1,BV1ZDGYz6Eko | 长城汽车智能化，如何向前走？,
对菊花无效,BV1ZDGYz6Eko | 长城汽车智能化，如何向前走？,
5,BV1ZDGYz6Eko | 长城汽车智能化，如何向前走？,
5,BV1ZDGYz6Eko | 长城汽车智能化，如何向前走？,
小米：？,BV1ZDGYz6Eko | 长城汽车智能化，如何向前走？,
]自己做的东西稀烂，就使劲说友商有问题，友商不好！你们懂的！！！,BV1ZDGYz6Eko | 长城汽车智能化，如何向前走？,
5,BV1ZDGYz6Eko | 长城汽车智能化，如何向前走？,
纯广,BV1ZDGYz6Eko | 长城汽车智能化，如何向前走？,
5,BV1ZDGYz6Eko | 长城汽车智能化，如何向前走？,
5,BV1ZDGYz6Eko | 长城汽车智能化，如何向前走？,
5,BV1ZDGYz6Eko | 长城汽车智能化，如何向前走？,
1,BV1ZDGYz6Eko | 长城汽车智能化，如何向前走？,
越野要man,BV1ZDGYz6Eko | 长城汽车智能化，如何向前走？,
5,BV1ZDGYz6Eko | 长城汽车智能化，如何向前走？,
5,BV1ZDGYz6Eko | 长城汽车智能化，如何向前走？,
5,BV1ZDGYz6Eko | 长城汽车智能化，如何向前走？,
6水平不够，就是为了安全。马车更安全呢,BV1ZDGYz6Eko | 长城汽车智能化，如何向前走？,
收了长城多少钱？,BV1ZDGYz6Eko | 长城汽车智能化，如何向前走？,
都在阿辉,BV1ZDGYz6Eko | 长城汽车智能化，如何向前走？,
5,BV1ZDGYz6Eko | 长城汽车智能化，如何向前走？,
5,BV1ZDGYz6Eko | 长城汽车智能化，如何向前走？,
5,BV1ZDGYz6Eko | 长城汽车智能化，如何向前走？,
5,BV1ZDGYz6Eko | 长城汽车智能化，如何向前走？,
5,BV1ZDGYz6Eko | 长城汽车智能化，如何向前走？,
5,BV1ZDGYz6Eko | 长城汽车智能化，如何向前走？,
来咯,BV1ZDGYz6Eko | 长城汽车智能化，如何向前走？,
5,BV1ZDGYz6Eko | 长城汽车智能化，如何向前走？,
那得去武汉,BV1ZDGYz6Eko | 长城汽车智能化，如何向前走？,
5,BV1ZDGYz6Eko | 长城汽车智能化，如何向前走？,
Z长城为什么不能接？前面愚蠢的人给解释下，长城各方面本来就不错,BV1ZDGYz6Eko | 长城汽车智能化，如何向前走？,
5,BV1ZDGYz6Eko | 长城汽车智能化，如何向前走？,
H安全是最大的豪华出自王传福，跟余大嘴有个蛋的关系,BV1ZDGYz6Eko | 长城汽车智能化，如何向前走？,
5,BV1ZDGYz6Eko | 长城汽车智能化，如何向前走？,
5,BV1ZDGYz6Eko | 长城汽车智能化，如何向前走？,
5,BV1ZDGYz6Eko | 长城汽车智能化，如何向前走？,
5,BV1ZDGYz6Eko | 长城汽车智能化，如何向前走？,
5,BV1ZDGYz6Eko | 长城汽车智能化，如何向前走？,
5,BV1ZDGYz6Eko | 长城汽车智能化，如何向前走？,
E雷军直播的时候也说了，只是辅助，不能完全靠智能,BV1ZDGYz6Eko | 长城汽车智能化，如何向前走？,
下头,BV1ZDGYz6Eko | 长城汽车智能化，如何向前走？,
5,BV1ZDGYz6Eko | 长城汽车智能化，如何向前走？,
*长城汽车未来应该属于小众车了,BV1ZDGYz6Eko | 长城汽车智能化，如何向前走？,
5,BV1ZDGYz6Eko | 长城汽车智能化，如何向前走？,
5,BV1ZDGYz6Eko | 长城汽车智能化，如何向前走？,
5,BV1ZDGYz6Eko | 长城汽车智能化，如何向前走？,
供应商谈什么自研,BV1ZDGYz6Eko | 长城汽车智能化，如何向前走？,
5,BV1ZDGYz6Eko | 长城汽车智能化，如何向前走？,
5,BV1ZDGYz6Eko | 长城汽车智能化，如何向前走？,
-哪个没说过？这也能拿出来炫耀？,BV1ZDGYz6Eko | 长城汽车智能化，如何向前走？,
5,BV1ZDGYz6Eko | 长城汽车智能化，如何向前走？,
5,BV1ZDGYz6Eko | 长城汽车智能化，如何向前走？,
5,BV1ZDGYz6Eko | 长城汽车智能化，如何向前走？,
!长城就是这样的思维造车,BV1ZDGYz6Eko | 长城汽车智能化，如何向前走？,
5,BV1ZDGYz6Eko | 长城汽车智能化，如何向前走？,
都赶不上趟了还看不上,BV1ZDGYz6Eko | 长城汽车智能化，如何向前走？,
5,BV1ZDGYz6Eko | 长城汽车智能化，如何向前走？,
5,BV1ZDGYz6Eko | 长城汽车智能化，如何向前走？,
9安全才是最大的豪华这句话是王传福说的吧,BV1ZDGYz6Eko | 长城汽车智能化，如何向前走？,
5,BV1ZDGYz6Eko | 长城汽车智能化，如何向前走？,
5,BV1ZDGYz6Eko | 长城汽车智能化，如何向前走？,
5,BV1ZDGYz6Eko | 长城汽车智能化，如何向前走？,
5,BV1ZDGYz6Eko | 长城汽车智能化，如何向前走？,
5,BV1ZDGYz6Eko | 长城汽车智能化，如何向前走？,
5,BV1ZDGYz6Eko | 长城汽车智能化，如何向前走？,
5,BV1ZDGYz6Eko | 长城汽车智能化，如何向前走？,
5,BV1ZDGYz6Eko | 长城汽车智能化，如何向前走？,
5,BV1ZDGYz6Eko | 长城汽车智能化，如何向前走？,
5,BV1ZDGYz6Eko | 长城汽车智能化，如何向前走？,
*所以蔚来的智驾被黑错了？？？,BV1ZDGYz6Eko | 长城汽车智能化，如何向前走？,
K你们完全相信智驾就去相信呗，反正你们玩命，又不是我,BV1ZDGYz6Eko | 长城汽车智能化，如何向前走？,
5,BV1ZDGYz6Eko | 长城汽车智能化，如何向前走？,
5,BV1ZDGYz6Eko | 长城汽车智能化，如何向前走？,
1,BV1ZDGYz6Eko | 长城汽车智能化，如何向前走？,
端到端 AI,BV1ZDGYz6Eko | 长城汽车智能化，如何向前走？,
5,BV1ZDGYz6Eko | 长城汽车智能化，如何向前走？,
5,BV1ZDGYz6Eko | 长城汽车智能化，如何向前走？,
*因为毫末独立出去了押宝了高通,BV1ZDGYz6Eko | 长城汽车智能化，如何向前走？,
2,BV1ZDGYz6Eko | 长城汽车智能化，如何向前走？,
u你说借鉴我就不骂了，说探索，好意思？完全照抄的企业说自己探索，摸着理想过河是吧,BV1ZDGYz6Eko | 长城汽车智能化，如何向前走？,
5,BV1ZDGYz6Eko | 长城汽车智能化，如何向前走？,
5,BV1ZDGYz6Eko | 长城汽车智能化，如何向前走？,
5,BV1ZDGYz6Eko | 长城汽车智能化，如何向前走？,
5,BV1ZDGYz6Eko | 长城汽车智能化，如何向前走？,
相信,BV1ZDGYz6Eko | 长城汽车智能化，如何向前走？,
​不相信,BV1ZDGYz6Eko | 长城汽车智能化，如何向前走？,
​不相信,BV1ZDGYz6Eko | 长城汽车智能化，如何向前走？,
	​相信,BV1ZDGYz6Eko | 长城汽车智能化，如何向前走？,
相信,BV1ZDGYz6Eko | 长城汽车智能化，如何向前走？,
​不相信,BV1ZDGYz6Eko | 长城汽车智能化，如何向前走？,
​不相信,BV1ZDGYz6Eko | 长城汽车智能化，如何向前走？,
​不相信,BV1ZDGYz6Eko | 长城汽车智能化，如何向前走？,
​不相信,BV1ZDGYz6Eko | 长城汽车智能化，如何向前走？,
相信,BV1ZDGYz6Eko | 长城汽车智能化，如何向前走？,
	​相信,BV1ZDGYz6Eko | 长城汽车智能化，如何向前走？,
​不相信,BV1ZDGYz6Eko | 长城汽车智能化，如何向前走？,
​不相信,BV1ZDGYz6Eko | 长城汽车智能化，如何向前走？,
​不相信,BV1ZDGYz6Eko | 长城汽车智能化，如何向前走？,
相信,BV1ZDGYz6Eko | 长城汽车智能化，如何向前走？,
	​相信,BV1ZDGYz6Eko | 长城汽车智能化，如何向前走？,
​不相信,BV1ZDGYz6Eko | 长城汽车智能化，如何向前走？,
​不相信,BV1ZDGYz6Eko | 长城汽车智能化，如何向前走？,
​不相信,BV1ZDGYz6Eko | 长城汽车智能化，如何向前走？,
	​相信,BV1ZDGYz6Eko | 长城汽车智能化，如何向前走？,
相信,BV1ZDGYz6Eko | 长城汽车智能化，如何向前走？,
​不相信,BV1ZDGYz6Eko | 长城汽车智能化，如何向前走？,
​不相信,BV1ZDGYz6Eko | 长城汽车智能化，如何向前走？,
​不相信,BV1ZDGYz6Eko | 长城汽车智能化，如何向前走？,
	​相信,BV1ZDGYz6Eko | 长城汽车智能化，如何向前走？,
​不相信,BV1ZDGYz6Eko | 长城汽车智能化，如何向前走？,
​不相信,BV1ZDGYz6Eko | 长城汽车智能化，如何向前走？,
	​相信,BV1ZDGYz6Eko | 长城汽车智能化，如何向前走？,
​不相信,BV1ZDGYz6Eko | 长城汽车智能化，如何向前走？,
相信,BV1ZDGYz6Eko | 长城汽车智能化，如何向前走？,
​不相信,BV1ZDGYz6Eko | 长城汽车智能化，如何向前走？,
​不相信,BV1ZDGYz6Eko | 长城汽车智能化，如何向前走？,
	​相信,BV1ZDGYz6Eko | 长城汽车智能化，如何向前走？,
​不相信,BV1ZDGYz6Eko | 长城汽车智能化，如何向前走？,
​不相信,BV1ZDGYz6Eko | 长城汽车智能化，如何向前走？,
​不相信,BV1ZDGYz6Eko | 长城汽车智能化，如何向前走？,
​不相信,BV1ZDGYz6Eko | 长城汽车智能化，如何向前走？,
相信,BV1ZDGYz6Eko | 长城汽车智能化，如何向前走？,
​不相信,BV1ZDGYz6Eko | 长城汽车智能化，如何向前走？,
	​相信,BV1ZDGYz6Eko | 长城汽车智能化，如何向前走？,
相信,BV1ZDGYz6Eko | 长城汽车智能化，如何向前走？,
​不相信,BV1ZDGYz6Eko | 长城汽车智能化，如何向前走？,
相信,BV1ZDGYz6Eko | 长城汽车智能化，如何向前走？,
​不相信,BV1ZDGYz6Eko | 长城汽车智能化，如何向前走？,
​不相信,BV1ZDGYz6Eko | 长城汽车智能化，如何向前走？,
​不相信,BV1ZDGYz6Eko | 长城汽车智能化，如何向前走？,
​不相信,BV1ZDGYz6Eko | 长城汽车智能化，如何向前走？,
	​相信,BV1ZDGYz6Eko | 长城汽车智能化，如何向前走？,
​不相信,BV1ZDGYz6Eko | 长城汽车智能化，如何向前走？,
	​相信,BV1ZDGYz6Eko | 长城汽车智能化，如何向前走？,
​不相信,BV1ZDGYz6Eko | 长城汽车智能化，如何向前走？,
相信,BV1ZDGYz6Eko | 长城汽车智能化，如何向前走？,
​不相信,BV1ZDGYz6Eko | 长城汽车智能化，如何向前走？,
相信,BV1ZDGYz6Eko | 长城汽车智能化，如何向前走？,
	​相信,BV1ZDGYz6Eko | 长城汽车智能化，如何向前走？,
相信,BV1ZDGYz6Eko | 长城汽车智能化，如何向前走？,
​不相信,BV1ZDGYz6Eko | 长城汽车智能化，如何向前走？,
	​相信,BV1ZDGYz6Eko | 长城汽车智能化，如何向前走？,
相信,BV1ZDGYz6Eko | 长城汽车智能化，如何向前走？,
相信,BV1ZDGYz6Eko | 长城汽车智能化，如何向前走？,
​不相信,BV1ZDGYz6Eko | 长城汽车智能化，如何向前走？,
​不相信,BV1ZDGYz6Eko | 长城汽车智能化，如何向前走？,
相信,BV1ZDGYz6Eko | 长城汽车智能化，如何向前走？,
相信,BV1ZDGYz6Eko | 长城汽车智能化，如何向前走？,
	​相信,BV1ZDGYz6Eko | 长城汽车智能化，如何向前走？,
相信,BV1ZDGYz6Eko | 长城汽车智能化，如何向前走？,
​不相信,BV1ZDGYz6Eko | 长城汽车智能化，如何向前走？,
	​相信,BV1ZDGYz6Eko | 长城汽车智能化，如何向前走？,
相信,BV1ZDGYz6Eko | 长城汽车智能化，如何向前走？,
​不相信,BV1ZDGYz6Eko | 长城汽车智能化，如何向前走？,
相信,BV1ZDGYz6Eko | 长城汽车智能化，如何向前走？,
相信,BV1ZDGYz6Eko | 长城汽车智能化，如何向前走？,
​不相信,BV1ZDGYz6Eko | 长城汽车智能化，如何向前走？,
​不相信,BV1ZDGYz6Eko | 长城汽车智能化，如何向前走？,
​不相信,BV1ZDGYz6Eko | 长城汽车智能化，如何向前走？,
相信,BV1ZDGYz6Eko | 长城汽车智能化，如何向前走？,
​不相信,BV1ZDGYz6Eko | 长城汽车智能化，如何向前走？,
​不相信,BV1ZDGYz6Eko | 长城汽车智能化，如何向前走？,
​不相信,BV1ZDGYz6Eko | 长城汽车智能化，如何向前走？,
相信,BV1ZDGYz6Eko | 长城汽车智能化，如何向前走？,
	​相信,BV1ZDGYz6Eko | 长城汽车智能化，如何向前走？,
​不相信,BV1ZDGYz6Eko | 长城汽车智能化，如何向前走？,
​不相信,BV1ZDGYz6Eko | 长城汽车智能化，如何向前走？,
​不相信,BV1ZDGYz6Eko | 长城汽车智能化，如何向前走？,
	​相信,BV1ZDGYz6Eko | 长城汽车智能化，如何向前走？,
	​相信,BV1ZDGYz6Eko | 长城汽车智能化，如何向前走？,
	​相信,BV1ZDGYz6Eko | 长城汽车智能化，如何向前走？,
​不相信,BV1ZDGYz6Eko | 长城汽车智能化，如何向前走？,
​不相信,BV1ZDGYz6Eko | 长城汽车智能化，如何向前走？,
​不相信,BV1ZDGYz6Eko | 长城汽车智能化，如何向前走？,
	​相信,BV1ZDGYz6Eko | 长城汽车智能化，如何向前走？,
相信,BV1ZDGYz6Eko | 长城汽车智能化，如何向前走？,
相信,BV1ZDGYz6Eko | 长城汽车智能化，如何向前走？,
​不相信,BV1ZDGYz6Eko | 长城汽车智能化，如何向前走？,
​不相信,BV1ZDGYz6Eko | 长城汽车智能化，如何向前走？,
​不相信,BV1ZDGYz6Eko | 长城汽车智能化，如何向前走？,
	​相信,BV1ZDGYz6Eko | 长城汽车智能化，如何向前走？,
	​相信,BV1ZDGYz6Eko | 长城汽车智能化，如何向前走？,
​不相信,BV1ZDGYz6Eko | 长城汽车智能化，如何向前走？,
​不相信,BV1ZDGYz6Eko | 长城汽车智能化，如何向前走？,
​不相信,BV1ZDGYz6Eko | 长城汽车智能化，如何向前走？,
	​相信,BV1ZDGYz6Eko | 长城汽车智能化，如何向前走？,
	​相信,BV1ZDGYz6Eko | 长城汽车智能化，如何向前走？,
	​相信,BV1ZDGYz6Eko | 长城汽车智能化，如何向前走？,
​不相信,BV1ZDGYz6Eko | 长城汽车智能化，如何向前走？,
​不相信,BV1ZDGYz6Eko | 长城汽车智能化，如何向前走？,
​不相信,BV1ZDGYz6Eko | 长城汽车智能化，如何向前走？,
	​相信,BV1ZDGYz6Eko | 长城汽车智能化，如何向前走？,
相信,BV1ZDGYz6Eko | 长城汽车智能化，如何向前走？,
相信,BV1ZDGYz6Eko | 长城汽车智能化，如何向前走？,
​不相信,BV1ZDGYz6Eko | 长城汽车智能化，如何向前走？,
​不相信,BV1ZDGYz6Eko | 长城汽车智能化，如何向前走？,
​不相信,BV1ZDGYz6Eko | 长城汽车智能化，如何向前走？,
相信,BV1ZDGYz6Eko | 长城汽车智能化，如何向前走？,
	​相信,BV1ZDGYz6Eko | 长城汽车智能化，如何向前走？,
	​相信,BV1ZDGYz6Eko | 长城汽车智能化，如何向前走？,
​不相信,BV1ZDGYz6Eko | 长城汽车智能化，如何向前走？,
	​相信,BV1ZDGYz6Eko | 长城汽车智能化，如何向前走？,
​不相信,BV1ZDGYz6Eko | 长城汽车智能化，如何向前走？,
​不相信,BV1ZDGYz6Eko | 长城汽车智能化，如何向前走？,
	​相信,BV1ZDGYz6Eko | 长城汽车智能化，如何向前走？,
	​相信,BV1ZDGYz6Eko | 长城汽车智能化，如何向前走？,
相信,BV1ZDGYz6Eko | 长城汽车智能化，如何向前走？,
​不相信,BV1ZDGYz6Eko | 长城汽车智能化，如何向前走？,
​不相信,BV1ZDGYz6Eko | 长城汽车智能化，如何向前走？,
	​相信,BV1ZDGYz6Eko | 长城汽车智能化，如何向前走？,
	​相信,BV1ZDGYz6Eko | 长城汽车智能化，如何向前走？,
	​相信,BV1ZDGYz6Eko | 长城汽车智能化，如何向前走？,
​不相信,BV1ZDGYz6Eko | 长城汽车智能化，如何向前走？,
​不相信,BV1ZDGYz6Eko | 长城汽车智能化，如何向前走？,
​不相信,BV1ZDGYz6Eko | 长城汽车智能化，如何向前走？,
相信,BV1ZDGYz6Eko | 长城汽车智能化，如何向前走？,
	​相信,BV1ZDGYz6Eko | 长城汽车智能化，如何向前走？,
​不相信,BV1ZDGYz6Eko | 长城汽车智能化，如何向前走？,
​不相信,BV1ZDGYz6Eko | 长城汽车智能化，如何向前走？,
​不相信,BV1ZDGYz6Eko | 长城汽车智能化，如何向前走？,
	​相信,BV1ZDGYz6Eko | 长城汽车智能化，如何向前走？,
	​相信,BV1ZDGYz6Eko | 长城汽车智能化，如何向前走？,
相信,BV1ZDGYz6Eko | 长城汽车智能化，如何向前走？,
​不相信,BV1ZDGYz6Eko | 长城汽车智能化，如何向前走？,
​不相信,BV1ZDGYz6Eko | 长城汽车智能化，如何向前走？,
​不相信,BV1ZDGYz6Eko | 长城汽车智能化，如何向前走？,
	​相信,BV1ZDGYz6Eko | 长城汽车智能化，如何向前走？,
	​相信,BV1ZDGYz6Eko | 长城汽车智能化，如何向前走？,
	​相信,BV1ZDGYz6Eko | 长城汽车智能化，如何向前走？,
​不相信,BV1ZDGYz6Eko | 长城汽车智能化，如何向前走？,
5,BV1ZDGYz6Eko | 长城汽车智能化，如何向前走？,
4,BV1ZDGYz6Eko | 长城汽车智能化，如何向前走？,
*这不是大疆的视觉智驾方案吗？,BV1ZDGYz6Eko | 长城汽车智能化，如何向前走？,
5,BV1ZDGYz6Eko | 长城汽车智能化，如何向前走？,
5,BV1ZDGYz6Eko | 长城汽车智能化，如何向前走？,
K前面的，不要一叶障目啊，智能座舱不是只有华为才能做,BV1ZDGYz6Eko | 长城汽车智能化，如何向前走？,
5,BV1ZDGYz6Eko | 长城汽车智能化，如何向前走？,
	​相信,BV1ZDGYz6Eko | 长城汽车智能化，如何向前走？,
​不相信,BV1ZDGYz6Eko | 长城汽车智能化，如何向前走？,
​不相信,BV1ZDGYz6Eko | 长城汽车智能化，如何向前走？,
​不相信,BV1ZDGYz6Eko | 长城汽车智能化，如何向前走？,
	​相信,BV1ZDGYz6Eko | 长城汽车智能化，如何向前走？,
​不相信,BV1ZDGYz6Eko | 长城汽车智能化，如何向前走？,
	​相信,BV1ZDGYz6Eko | 长城汽车智能化，如何向前走？,
	​相信,BV1ZDGYz6Eko | 长城汽车智能化，如何向前走？,
	​相信,BV1ZDGYz6Eko | 长城汽车智能化，如何向前走？,
相信,BV1ZDGYz6Eko | 长城汽车智能化，如何向前走？,
​不相信,BV1ZDGYz6Eko | 长城汽车智能化，如何向前走？,
​不相信,BV1ZDGYz6Eko | 长城汽车智能化，如何向前走？,
​不相信,BV1ZDGYz6Eko | 长城汽车智能化，如何向前走？,
	​相信,BV1ZDGYz6Eko | 长城汽车智能化，如何向前走？,
	​相信,BV1ZDGYz6Eko | 长城汽车智能化，如何向前走？,
​不相信,BV1ZDGYz6Eko | 长城汽车智能化，如何向前走？,
​不相信,BV1ZDGYz6Eko | 长城汽车智能化，如何向前走？,
	​相信,BV1ZDGYz6Eko | 长城汽车智能化，如何向前走？,
	​相信,BV1ZDGYz6Eko | 长城汽车智能化，如何向前走？,
​不相信,BV1ZDGYz6Eko | 长城汽车智能化，如何向前走？,
​不相信,BV1ZDGYz6Eko | 长城汽车智能化，如何向前走？,
​不相信,BV1ZDGYz6Eko | 长城汽车智能化，如何向前走？,
	​相信,BV1ZDGYz6Eko | 长城汽车智能化，如何向前走？,
	​相信,BV1ZDGYz6Eko | 长城汽车智能化，如何向前走？,
相信,BV1ZDGYz6Eko | 长城汽车智能化，如何向前走？,
​不相信,BV1ZDGYz6Eko | 长城汽车智能化，如何向前走？,
​不相信,BV1ZDGYz6Eko | 长城汽车智能化，如何向前走？,
​不相信,BV1ZDGYz6Eko | 长城汽车智能化，如何向前走？,
​不相信,BV1ZDGYz6Eko | 长城汽车智能化，如何向前走？,
	​相信,BV1ZDGYz6Eko | 长城汽车智能化，如何向前走？,
	​相信,BV1ZDGYz6Eko | 长城汽车智能化，如何向前走？,
相信,BV1ZDGYz6Eko | 长城汽车智能化，如何向前走？,
​不相信,BV1ZDGYz6Eko | 长城汽车智能化，如何向前走？,
​不相信,BV1ZDGYz6Eko | 长城汽车智能化，如何向前走？,
​不相信,BV1ZDGYz6Eko | 长城汽车智能化，如何向前走？,
相信,BV1ZDGYz6Eko | 长城汽车智能化，如何向前走？,
	​相信,BV1ZDGYz6Eko | 长城汽车智能化，如何向前走？,
	​相信,BV1ZDGYz6Eko | 长城汽车智能化，如何向前走？,
相信,BV1ZDGYz6Eko | 长城汽车智能化，如何向前走？,
相信,BV1ZDGYz6Eko | 长城汽车智能化，如何向前走？,
​不相信,BV1ZDGYz6Eko | 长城汽车智能化，如何向前走？,
	​相信,BV1ZDGYz6Eko | 长城汽车智能化，如何向前走？,
​不相信,BV1ZDGYz6Eko | 长城汽车智能化，如何向前走？,
​不相信,BV1ZDGYz6Eko | 长城汽车智能化，如何向前走？,
​不相信,BV1ZDGYz6Eko | 长城汽车智能化，如何向前走？,
​不相信,BV1ZDGYz6Eko | 长城汽车智能化，如何向前走？,
​不相信,BV1ZDGYz6Eko | 长城汽车智能化，如何向前走？,
​不相信,BV1ZDGYz6Eko | 长城汽车智能化，如何向前走？,
​不相信,BV1ZDGYz6Eko | 长城汽车智能化，如何向前走？,
	​相信,BV1ZDGYz6Eko | 长城汽车智能化，如何向前走？,
	​相信,BV1ZDGYz6Eko | 长城汽车智能化，如何向前走？,
相信,BV1ZDGYz6Eko | 长城汽车智能化，如何向前走？,
相信,BV1ZDGYz6Eko | 长城汽车智能化，如何向前走？,
​不相信,BV1ZDGYz6Eko | 长城汽车智能化，如何向前走？,
​不相信,BV1ZDGYz6Eko | 长城汽车智能化，如何向前走？,
​不相信,BV1ZDGYz6Eko | 长城汽车智能化，如何向前走？,
	​相信,BV1ZDGYz6Eko | 长城汽车智能化，如何向前走？,
	​相信,BV1ZDGYz6Eko | 长城汽车智能化，如何向前走？,
​不相信,BV1ZDGYz6Eko | 长城汽车智能化，如何向前走？,
​不相信,BV1ZDGYz6Eko | 长城汽车智能化，如何向前走？,
​不相信,BV1ZDGYz6Eko | 长城汽车智能化，如何向前走？,
相信,BV1ZDGYz6Eko | 长城汽车智能化，如何向前走？,
	​相信,BV1ZDGYz6Eko | 长城汽车智能化，如何向前走？,
	​相信,BV1ZDGYz6Eko | 长城汽车智能化，如何向前走？,
​不相信,BV1ZDGYz6Eko | 长城汽车智能化，如何向前走？,
​不相信,BV1ZDGYz6Eko | 长城汽车智能化，如何向前走？,
	​相信,BV1ZDGYz6Eko | 长城汽车智能化，如何向前走？,
相信,BV1ZDGYz6Eko | 长城汽车智能化，如何向前走？,
相信,BV1ZDGYz6Eko | 长城汽车智能化，如何向前走？,
​不相信,BV1ZDGYz6Eko | 长城汽车智能化，如何向前走？,
	​相信,BV1ZDGYz6Eko | 长城汽车智能化，如何向前走？,
	​相信,BV1ZDGYz6Eko | 长城汽车智能化，如何向前走？,
​不相信,BV1ZDGYz6Eko | 长城汽车智能化，如何向前走？,
	​相信,BV1ZDGYz6Eko | 长城汽车智能化，如何向前走？,
​不相信,BV1ZDGYz6Eko | 长城汽车智能化，如何向前走？,
​不相信,BV1ZDGYz6Eko | 长城汽车智能化，如何向前走？,
​不相信,BV1ZDGYz6Eko | 长城汽车智能化，如何向前走？,
相信,BV1ZDGYz6Eko | 长城汽车智能化，如何向前走？,
​不相信,BV1ZDGYz6Eko | 长城汽车智能化，如何向前走？,
​不相信,BV1ZDGYz6Eko | 长城汽车智能化，如何向前走？,
	​相信,BV1ZDGYz6Eko | 长城汽车智能化，如何向前走？,
	​相信,BV1ZDGYz6Eko | 长城汽车智能化，如何向前走？,
​不相信,BV1ZDGYz6Eko | 长城汽车智能化，如何向前走？,
	​相信,BV1ZDGYz6Eko | 长城汽车智能化，如何向前走？,
	​相信,BV1ZDGYz6Eko | 长城汽车智能化，如何向前走？,
​不相信,BV1ZDGYz6Eko | 长城汽车智能化，如何向前走？,
	​相信,BV1ZDGYz6Eko | 长城汽车智能化，如何向前走？,
	​相信,BV1ZDGYz6Eko | 长城汽车智能化，如何向前走？,
​不相信,BV1ZDGYz6Eko | 长城汽车智能化，如何向前走？,
	​相信,BV1ZDGYz6Eko | 长城汽车智能化，如何向前走？,
​不相信,BV1ZDGYz6Eko | 长城汽车智能化，如何向前走？,
	​相信,BV1ZDGYz6Eko | 长城汽车智能化，如何向前走？,
	​相信,BV1ZDGYz6Eko | 长城汽车智能化，如何向前走？,
.,BV1ZDGYz6Eko | 长城汽车智能化，如何向前走？,
	​相信,BV1ZDGYz6Eko | 长城汽车智能化，如何向前走？,
​不相信,BV1ZDGYz6Eko | 长城汽车智能化，如何向前走？,
	​相信,BV1ZDGYz6Eko | 长城汽车智能化，如何向前走？,
​不相信,BV1ZDGYz6Eko | 长城汽车智能化，如何向前走？,
​不相信,BV1ZDGYz6Eko | 长城汽车智能化，如何向前走？,
相信,BV1ZDGYz6Eko | 长城汽车智能化，如何向前走？,
​不相信,BV1ZDGYz6Eko | 长城汽车智能化，如何向前走？,
​不相信,BV1ZDGYz6Eko | 长城汽车智能化，如何向前走？,
	​相信,BV1ZDGYz6Eko | 长城汽车智能化，如何向前走？,
	​相信,BV1ZDGYz6Eko | 长城汽车智能化，如何向前走？,
​不相信,BV1ZDGYz6Eko | 长城汽车智能化，如何向前走？,
​不相信,BV1ZDGYz6Eko | 长城汽车智能化，如何向前走？,
​不相信,BV1ZDGYz6Eko | 长城汽车智能化，如何向前走？,
 (23757fdb2:	​相信,BV1ZDGYz6Eko | 长城汽车智能化，如何向前走？,
相信,BV1ZDGYz6Eko | 长城汽车智能化，如何向前走？,
	​相信,BV1ZDGYz6Eko | 长城汽车智能化，如何向前走？,
​不相信,BV1ZDGYz6Eko | 长城汽车智能化，如何向前走？,
​不相信,BV1ZDGYz6Eko | 长城汽车智能化，如何向前走？,
​不相信,BV1ZDGYz6Eko | 长城汽车智能化，如何向前走？,
	​相信,BV1ZDGYz6Eko | 长城汽车智能化，如何向前走？,
相信,BV1ZDGYz6Eko | 长城汽车智能化，如何向前走？,
​不相信,BV1ZDGYz6Eko | 长城汽车智能化，如何向前走？,
​不相信,BV1ZDGYz6Eko | 长城汽车智能化，如何向前走？,
	​相信,BV1ZDGYz6Eko | 长城汽车智能化，如何向前走？,
	​相信,BV1ZDGYz6Eko | 长城汽车智能化，如何向前走？,
​不相信,BV1ZDGYz6Eko | 长城汽车智能化，如何向前走？,
​不相信,BV1ZDGYz6Eko | 长城汽车智能化，如何向前走？,
​不相信,BV1ZDGYz6Eko | 长城汽车智能化，如何向前走？,
	​相信,BV1ZDGYz6Eko | 长城汽车智能化，如何向前走？,
	​相信,BV1ZDGYz6Eko | 长城汽车智能化，如何向前走？,
	​相信,BV1ZDGYz6Eko | 长城汽车智能化，如何向前走？,
​不相信,BV1ZDGYz6Eko | 长城汽车智能化，如何向前走？,
​不相信,BV1ZDGYz6Eko | 长城汽车智能化，如何向前走？,
​不相信,BV1ZDGYz6Eko | 长城汽车智能化，如何向前走？,
相信,BV1ZDGYz6Eko | 长城汽车智能化，如何向前走？,
	​相信,BV1ZDGYz6Eko | 长城汽车智能化，如何向前走？,
相信,BV1ZDGYz6Eko | 长城汽车智能化，如何向前走？,
​不相信,BV1ZDGYz6Eko | 长城汽车智能化，如何向前走？,
	​相信,BV1ZDGYz6Eko | 长城汽车智能化，如何向前走？,
相信,BV1ZDGYz6Eko | 长城汽车智能化，如何向前走？,
​不相信,BV1ZDGYz6Eko | 长城汽车智能化，如何向前走？,
	​相信,BV1ZDGYz6Eko | 长城汽车智能化，如何向前走？,
	​相信,BV1ZDGYz6Eko | 长城汽车智能化，如何向前走？,
​不相信,BV1ZDGYz6Eko | 长城汽车智能化，如何向前走？,
​不相信,BV1ZDGYz6Eko | 长城汽车智能化，如何向前走？,
​不相信,BV1ZDGYz6Eko | 长城汽车智能化，如何向前走？,
​不相信,BV1ZDGYz6Eko | 长城汽车智能化，如何向前走？,
​不相信,BV1ZDGYz6Eko | 长城汽车智能化，如何向前走？,
​不相信,BV1ZDGYz6Eko | 长城汽车智能化，如何向前走？,
 (23757fdb2:	​相信,BV1ZDGYz6Eko | 长城汽车智能化，如何向前走？,
	​相信,BV1ZDGYz6Eko | 长城汽车智能化，如何向前走？,
​不相信,BV1ZDGYz6Eko | 长城汽车智能化，如何向前走？,
相信,BV1ZDGYz6Eko | 长城汽车智能化，如何向前走？,
​不相信,BV1ZDGYz6Eko | 长城汽车智能化，如何向前走？,
	​相信,BV1ZDGYz6Eko | 长城汽车智能化，如何向前走？,
​不相信,BV1ZDGYz6Eko | 长城汽车智能化，如何向前走？,
相信,BV1ZDGYz6Eko | 长城汽车智能化，如何向前走？,
​不相信,BV1ZDGYz6Eko | 长城汽车智能化，如何向前走？,
	​相信,BV1ZDGYz6Eko | 长城汽车智能化，如何向前走？,
​不相信,BV1ZDGYz6Eko | 长城汽车智能化，如何向前走？,
​不相信,BV1ZDGYz6Eko | 长城汽车智能化，如何向前走？,
	​相信,BV1ZDGYz6Eko | 长城汽车智能化，如何向前走？,
	​相信,BV1ZDGYz6Eko | 长城汽车智能化，如何向前走？,
 (23757fdb2:	​相信,BV1ZDGYz6Eko | 长城汽车智能化，如何向前走？,
	​相信,BV1ZDGYz6Eko | 长城汽车智能化，如何向前走？,
​不相信,BV1ZDGYz6Eko | 长城汽车智能化，如何向前走？,
	​相信,BV1ZDGYz6Eko | 长城汽车智能化，如何向前走？,
​不相信,BV1ZDGYz6Eko | 长城汽车智能化，如何向前走？,
 (2b52fab5c:	​相信,BV1ZDGYz6Eko | 长城汽车智能化，如何向前走？,
​不相信,BV1ZDGYz6Eko | 长城汽车智能化，如何向前走？,
​不相信,BV1ZDGYz6Eko | 长城汽车智能化，如何向前走？,
	​相信,BV1ZDGYz6Eko | 长城汽车智能化，如何向前走？,
​不相信,BV1ZDGYz6Eko | 长城汽车智能化，如何向前走？,
​不相信,BV1ZDGYz6Eko | 长城汽车智能化，如何向前走？,
	​相信,BV1ZDGYz6Eko | 长城汽车智能化，如何向前走？,
​不相信,BV1ZDGYz6Eko | 长城汽车智能化，如何向前走？,
	​相信,BV1ZDGYz6Eko | 长城汽车智能化，如何向前走？,
	​相信,BV1ZDGYz6Eko | 长城汽车智能化，如何向前走？,
	​相信,BV1ZDGYz6Eko | 长城汽车智能化，如何向前走？,
​不相信,BV1ZDGYz6Eko | 长城汽车智能化，如何向前走？,
相信,BV1ZDGYz6Eko | 长城汽车智能化，如何向前走？,
​不相信,BV1ZDGYz6Eko | 长城汽车智能化，如何向前走？,
	​相信,BV1ZDGYz6Eko | 长城汽车智能化，如何向前走？,
​不相信,BV1ZDGYz6Eko | 长城汽车智能化，如何向前走？,
​不相信,BV1ZDGYz6Eko | 长城汽车智能化，如何向前走？,
相信,BV1ZDGYz6Eko | 长城汽车智能化，如何向前走？,
	​相信,BV1ZDGYz6Eko | 长城汽车智能化，如何向前走？,
​不相信,BV1ZDGYz6Eko | 长城汽车智能化，如何向前走？,
	​相信,BV1ZDGYz6Eko | 长城汽车智能化，如何向前走？,
	​相信,BV1ZDGYz6Eko | 长城汽车智能化，如何向前走？,
相信,BV1ZDGYz6Eko | 长城汽车智能化，如何向前走？,
	​相信,BV1ZDGYz6Eko | 长城汽车智能化，如何向前走？,
	​相信,BV1ZDGYz6Eko | 长城汽车智能化，如何向前走？,
​不相信,BV1ZDGYz6Eko | 长城汽车智能化，如何向前走？,
​不相信,BV1ZDGYz6Eko | 长城汽车智能化，如何向前走？,
	​相信,BV1ZDGYz6Eko | 长城汽车智能化，如何向前走？,
相信,BV1ZDGYz6Eko | 长城汽车智能化，如何向前走？,
	​相信,BV1ZDGYz6Eko | 长城汽车智能化，如何向前走？,
​不相信,BV1ZDGYz6Eko | 长城汽车智能化，如何向前走？,
​不相信,BV1ZDGYz6Eko | 长城汽车智能化，如何向前走？,
	​相信,BV1ZDGYz6Eko | 长城汽车智能化，如何向前走？,
	​相信,BV1ZDGYz6Eko | 长城汽车智能化，如何向前走？,
​不相信,BV1ZDGYz6Eko | 长城汽车智能化，如何向前走？,
​不相信,BV1ZDGYz6Eko | 长城汽车智能化，如何向前走？,
​不相信,BV1ZDGYz6Eko | 长城汽车智能化，如何向前走？,
	​相信,BV1ZDGYz6Eko | 长城汽车智能化，如何向前走？,
	​相信,BV1ZDGYz6Eko | 长城汽车智能化，如何向前走？,
相信,BV1ZDGYz6Eko | 长城汽车智能化，如何向前走？,
​不相信,BV1ZDGYz6Eko | 长城汽车智能化，如何向前走？,
​不相信,BV1ZDGYz6Eko | 长城汽车智能化，如何向前走？,
相信,BV1ZDGYz6Eko | 长城汽车智能化，如何向前走？,
	​相信,BV1ZDGYz6Eko | 长城汽车智能化，如何向前走？,
	​相信,BV1ZDGYz6Eko | 长城汽车智能化，如何向前走？,
​不相信,BV1ZDGYz6Eko | 长城汽车智能化，如何向前走？,
​不相信,BV1ZDGYz6Eko | 长城汽车智能化，如何向前走？,
​不相信,BV1ZDGYz6Eko | 长城汽车智能化，如何向前走？,
	​相信,BV1ZDGYz6Eko | 长城汽车智能化，如何向前走？,
相信,BV1ZDGYz6Eko | 长城汽车智能化，如何向前走？,
​不相信,BV1ZDGYz6Eko | 长城汽车智能化，如何向前走？,
	​相信,BV1ZDGYz6Eko | 长城汽车智能化，如何向前走？,
相信,BV1ZDGYz6Eko | 长城汽车智能化，如何向前走？,
	​相信,BV1ZDGYz6Eko | 长城汽车智能化，如何向前走？,
​不相信,BV1ZDGYz6Eko | 长城汽车智能化，如何向前走？,
​不相信,BV1ZDGYz6Eko | 长城汽车智能化，如何向前走？,
	​相信,BV1ZDGYz6Eko | 长城汽车智能化，如何向前走？,
	​相信,BV1ZDGYz6Eko | 长城汽车智能化，如何向前走？,
​不相信,BV1ZDGYz6Eko | 长城汽车智能化，如何向前走？,
相信,BV1ZDGYz6Eko | 长城汽车智能化，如何向前走？,
​不相信,BV1ZDGYz6Eko | 长城汽车智能化，如何向前走？,
	​相信,BV1ZDGYz6Eko | 长城汽车智能化，如何向前走？,
	​相信,BV1ZDGYz6Eko | 长城汽车智能化，如何向前走？,
​不相信,BV1ZDGYz6Eko | 长城汽车智能化，如何向前走？,
	​相信,BV1ZDGYz6Eko | 长城汽车智能化，如何向前走？,
	​相信,BV1ZDGYz6Eko | 长城汽车智能化，如何向前走？,
​不相信,BV1ZDGYz6Eko | 长城汽车智能化，如何向前走？,
	​相信,BV1ZDGYz6Eko | 长城汽车智能化，如何向前走？,
​不相信,BV1ZDGYz6Eko | 长城汽车智能化，如何向前走？,
相信,BV1ZDGYz6Eko | 长城汽车智能化，如何向前走？,
​不相信,BV1ZDGYz6Eko | 长城汽车智能化，如何向前走？,
	​相信,BV1ZDGYz6Eko | 长城汽车智能化，如何向前走？,
相信,BV1ZDGYz6Eko | 长城汽车智能化，如何向前走？,
​不相信,BV1ZDGYz6Eko | 长城汽车智能化，如何向前走？,
	​相信,BV1ZDGYz6Eko | 长城汽车智能化，如何向前走？,
相信,BV1ZDGYz6Eko | 长城汽车智能化，如何向前走？,
​不相信,BV1ZDGYz6Eko | 长城汽车智能化，如何向前走？,
相信,BV1ZDGYz6Eko | 长城汽车智能化，如何向前走？,
相信,BV1ZDGYz6Eko | 长城汽车智能化，如何向前走？,
​不相信,BV1ZDGYz6Eko | 长城汽车智能化，如何向前走？,
	​相信,BV1ZDGYz6Eko | 长城汽车智能化，如何向前走？,
5,BV1ZDGYz6Eko | 长城汽车智能化，如何向前走？,
​不相信,BV1ZDGYz6Eko | 长城汽车智能化，如何向前走？,
相信,BV1ZDGYz6Eko | 长城汽车智能化，如何向前走？,
	​相信,BV1ZDGYz6Eko | 长城汽车智能化，如何向前走？,
	​相信,BV1ZDGYz6Eko | 长城汽车智能化，如何向前走？,
相信,BV1ZDGYz6Eko | 长城汽车智能化，如何向前走？,
	​相信,BV1ZDGYz6Eko | 长城汽车智能化，如何向前走？,
​不相信,BV1ZDGYz6Eko | 长城汽车智能化，如何向前走？,
相信,BV1ZDGYz6Eko | 长城汽车智能化，如何向前走？,
	​相信,BV1ZDGYz6Eko | 长城汽车智能化，如何向前走？,
	​相信,BV1ZDGYz6Eko | 长城汽车智能化，如何向前走？,
相信,BV1ZDGYz6Eko | 长城汽车智能化，如何向前走？,
	​相信,BV1ZDGYz6Eko | 长城汽车智能化，如何向前走？,
​不相信,BV1ZDGYz6Eko | 长城汽车智能化，如何向前走？,
​不相信,BV1ZDGYz6Eko | 长城汽车智能化，如何向前走？,
​不相信,BV1ZDGYz6Eko | 长城汽车智能化，如何向前走？,
相信,BV1ZDGYz6Eko | 长城汽车智能化，如何向前走？,
​不相信,BV1ZDGYz6Eko | 长城汽车智能化，如何向前走？,
	​相信,BV1ZDGYz6Eko | 长城汽车智能化，如何向前走？,
相信,BV1ZDGYz6Eko | 长城汽车智能化，如何向前走？,
	​相信,BV1ZDGYz6Eko | 长城汽车智能化，如何向前走？,
​不相信,BV1ZDGYz6Eko | 长城汽车智能化，如何向前走？,
	​相信,BV1ZDGYz6Eko | 长城汽车智能化，如何向前走？,
​不相信,BV1ZDGYz6Eko | 长城汽车智能化，如何向前走？,
相信,BV1ZDGYz6Eko | 长城汽车智能化，如何向前走？,
​不相信,BV1ZDGYz6Eko | 长城汽车智能化，如何向前走？,
​不相信,BV1ZDGYz6Eko | 长城汽车智能化，如何向前走？,
	​相信,BV1ZDGYz6Eko | 长城汽车智能化，如何向前走？,
​不相信,BV1ZDGYz6Eko | 长城汽车智能化，如何向前走？,
	​相信,BV1ZDGYz6Eko | 长城汽车智能化，如何向前走？,
​不相信,BV1ZDGYz6Eko | 长城汽车智能化，如何向前走？,
	​相信,BV1ZDGYz6Eko | 长城汽车智能化，如何向前走？,
​不相信,BV1ZDGYz6Eko | 长城汽车智能化，如何向前走？,
相信,BV1ZDGYz6Eko | 长城汽车智能化，如何向前走？,
​不相信,BV1ZDGYz6Eko | 长城汽车智能化，如何向前走？,
	​相信,BV1ZDGYz6Eko | 长城汽车智能化，如何向前走？,
​不相信,BV1ZDGYz6Eko | 长城汽车智能化，如何向前走？,
	​相信,BV1ZDGYz6Eko | 长城汽车智能化，如何向前走？,
​不相信,BV1ZDGYz6Eko | 长城汽车智能化，如何向前走？,
	​相信,BV1ZDGYz6Eko | 长城汽车智能化，如何向前走？,
​不相信,BV1ZDGYz6Eko | 长城汽车智能化，如何向前走？,
​不相信,BV1ZDGYz6Eko | 长城汽车智能化，如何向前走？,
​不相信,BV1ZDGYz6Eko | 长城汽车智能化，如何向前走？,
​不相信,BV1ZDGYz6Eko | 长城汽车智能化，如何向前走？,
​不相信,BV1ZDGYz6Eko | 长城汽车智能化，如何向前走？,
	​相信,BV1ZDGYz6Eko | 长城汽车智能化，如何向前走？,
相信,BV1ZDGYz6Eko | 长城汽车智能化，如何向前走？,
	​相信,BV1ZDGYz6Eko | 长城汽车智能化，如何向前走？,
	​相信,BV1ZDGYz6Eko | 长城汽车智能化，如何向前走？,
	​相信,BV1ZDGYz6Eko | 长城汽车智能化，如何向前走？,
​不相信,BV1ZDGYz6Eko | 长城汽车智能化，如何向前走？,
​不相信,BV1ZDGYz6Eko | 长城汽车智能化，如何向前走？,
	​相信,BV1ZDGYz6Eko | 长城汽车智能化，如何向前走？,
​不相信,BV1ZDGYz6Eko | 长城汽车智能化，如何向前走？,
​不相信,BV1ZDGYz6Eko | 长城汽车智能化，如何向前走？,
 (23757fdb2:	​相信,BV1ZDGYz6Eko | 长城汽车智能化，如何向前走？,
​不相信,BV1ZDGYz6Eko | 长城汽车智能化，如何向前走？,
​不相信,BV1ZDGYz6Eko | 长城汽车智能化，如何向前走？,
相信,BV1ZDGYz6Eko | 长城汽车智能化，如何向前走？,
​不相信,BV1ZDGYz6Eko | 长城汽车智能化，如何向前走？,
	​相信,BV1ZDGYz6Eko | 长城汽车智能化，如何向前走？,
​不相信,BV1ZDGYz6Eko | 长城汽车智能化，如何向前走？,
相信,BV1ZDGYz6Eko | 长城汽车智能化，如何向前走？,
​不相信,BV1ZDGYz6Eko | 长城汽车智能化，如何向前走？,
	​相信,BV1ZDGYz6Eko | 长城汽车智能化，如何向前走？,
​不相信,BV1ZDGYz6Eko | 长城汽车智能化，如何向前走？,
相信,BV1ZDGYz6Eko | 长城汽车智能化，如何向前走？,
f前面九年一直啥都没有，一直很保守很谨慎，为啥最后一年就开始吹牛逼了呢,BV1ZDGYz6Eko | 长城汽车智能化，如何向前走？,
​不相信,BV1ZDGYz6Eko | 长城汽车智能化，如何向前走？,
	​相信,BV1ZDGYz6Eko | 长城汽车智能化，如何向前走？,
​不相信,BV1ZDGYz6Eko | 长城汽车智能化，如何向前走？,
	​相信,BV1ZDGYz6Eko | 长城汽车智能化，如何向前走？,
相信,BV1ZDGYz6Eko | 长城汽车智能化，如何向前走？,
​不相信,BV1ZDGYz6Eko | 长城汽车智能化，如何向前走？,
​不相信,BV1ZDGYz6Eko | 长城汽车智能化，如何向前走？,
	​相信,BV1ZDGYz6Eko | 长城汽车智能化，如何向前走？,
​不相信,BV1ZDGYz6Eko | 长城汽车智能化，如何向前走？,
相信,BV1ZDGYz6Eko | 长城汽车智能化，如何向前走？,
	​相信,BV1ZDGYz6Eko | 长城汽车智能化，如何向前走？,
	​相信,BV1ZDGYz6Eko | 长城汽车智能化，如何向前走？,
​不相信,BV1ZDGYz6Eko | 长城汽车智能化，如何向前走？,
​不相信,BV1ZDGYz6Eko | 长城汽车智能化，如何向前走？,
​不相信,BV1ZDGYz6Eko | 长城汽车智能化，如何向前走？,
	​相信,BV1ZDGYz6Eko | 长城汽车智能化，如何向前走？,
​不相信,BV1ZDGYz6Eko | 长城汽车智能化，如何向前走？,
​不相信,BV1ZDGYz6Eko | 长城汽车智能化，如何向前走？,
​不相信,BV1ZDGYz6Eko | 长城汽车智能化，如何向前走？,
相信,BV1ZDGYz6Eko | 长城汽车智能化，如何向前走？,
相信,BV1ZDGYz6Eko | 长城汽车智能化，如何向前走？,
	​相信,BV1ZDGYz6Eko | 长城汽车智能化，如何向前走？,
​不相信,BV1ZDGYz6Eko | 长城汽车智能化，如何向前走？,
	​相信,BV1ZDGYz6Eko | 长城汽车智能化，如何向前走？,
​不相信,BV1ZDGYz6Eko | 长城汽车智能化，如何向前走？,
​不相信,BV1ZDGYz6Eko | 长城汽车智能化，如何向前走？,
	​相信,BV1ZDGYz6Eko | 长城汽车智能化，如何向前走？,
​不相信,BV1ZDGYz6Eko | 长城汽车智能化，如何向前走？,
	​相信,BV1ZDGYz6Eko | 长城汽车智能化，如何向前走？,
​不相信,BV1ZDGYz6Eko | 长城汽车智能化，如何向前走？,
​不相信,BV1ZDGYz6Eko | 长城汽车智能化，如何向前走？,
相信,BV1ZDGYz6Eko | 长城汽车智能化，如何向前走？,
	​相信,BV1ZDGYz6Eko | 长城汽车智能化，如何向前走？,
​不相信,BV1ZDGYz6Eko | 长城汽车智能化，如何向前走？,
相信,BV1ZDGYz6Eko | 长城汽车智能化，如何向前走？,
​不相信,BV1ZDGYz6Eko | 长城汽车智能化，如何向前走？,
	​相信,BV1ZDGYz6Eko | 长城汽车智能化，如何向前走？,
	​相信,BV1ZDGYz6Eko | 长城汽车智能化，如何向前走？,
	​相信,BV1ZDGYz6Eko | 长城汽车智能化，如何向前走？,
	​相信,BV1ZDGYz6Eko | 长城汽车智能化，如何向前走？,
相信,BV1ZDGYz6Eko | 长城汽车智能化，如何向前走？,
​不相信,BV1ZDGYz6Eko | 长城汽车智能化，如何向前走？,
​不相信,BV1ZDGYz6Eko | 长城汽车智能化，如何向前走？,
相信,BV1ZDGYz6Eko | 长城汽车智能化，如何向前走？,
 (2b52fab5c:	​相信,BV1ZDGYz6Eko | 长城汽车智能化，如何向前走？,
	​相信,BV1ZDGYz6Eko | 长城汽车智能化，如何向前走？,
​不相信,BV1ZDGYz6Eko | 长城汽车智能化，如何向前走？,
​不相信,BV1ZDGYz6Eko | 长城汽车智能化，如何向前走？,
压线咯喂,BV1ZDGYz6Eko | 长城汽车智能化，如何向前走？,
5,BV1ZDGYz6Eko | 长城汽车智能化，如何向前走？,
5,BV1ZDGYz6Eko | 长城汽车智能化，如何向前走？,
5,BV1ZDGYz6Eko | 长城汽车智能化，如何向前走？,
5,BV1ZDGYz6Eko | 长城汽车智能化，如何向前走？,
5,BV1ZDGYz6Eko | 长城汽车智能化，如何向前走？,
​不相信,BV1ZDGYz6Eko | 长城汽车智能化，如何向前走？,
5,BV1ZDGYz6Eko | 长城汽车智能化，如何向前走？,
5,BV1ZDGYz6Eko | 长城汽车智能化，如何向前走？,
​不相信,BV1ZDGYz6Eko | 长城汽车智能化，如何向前走？,
	​相信,BV1ZDGYz6Eko | 长城汽车智能化，如何向前走？,
5,BV1ZDGYz6Eko | 长城汽车智能化，如何向前走？,
​不相信,BV1ZDGYz6Eko | 长城汽车智能化，如何向前走？,
5,BV1ZDGYz6Eko | 长城汽车智能化，如何向前走？,
5,BV1ZDGYz6Eko | 长城汽车智能化，如何向前走？,
5,BV1ZDGYz6Eko | 长城汽车智能化，如何向前走？,
​不相信,BV1ZDGYz6Eko | 长城汽车智能化，如何向前走？,
5,BV1ZDGYz6Eko | 长城汽车智能化，如何向前走？,
?智驾跟我有啥关系，车好开，安全才是最重要的,BV1ZDGYz6Eko | 长城汽车智能化，如何向前走？,
	​相信,BV1ZDGYz6Eko | 长城汽车智能化，如何向前走？,
1,BV1ZDGYz6Eko | 长城汽车智能化，如何向前走？,
5,BV1ZDGYz6Eko | 长城汽车智能化，如何向前走？,
	​相信,BV1ZDGYz6Eko | 长城汽车智能化，如何向前走？,
	​相信,BV1ZDGYz6Eko | 长城汽车智能化，如何向前走？,
5,BV1ZDGYz6Eko | 长城汽车智能化，如何向前走？,
不是大疆，是元戎启行,BV1ZDGYz6Eko | 长城汽车智能化，如何向前走？,
？,BV1ZDGYz6Eko | 长城汽车智能化，如何向前走？,
5,BV1ZDGYz6Eko | 长城汽车智能化，如何向前走？,
5,BV1ZDGYz6Eko | 长城汽车智能化，如何向前走？,
5,BV1ZDGYz6Eko | 长城汽车智能化，如何向前走？,
W长城还算是稳扎稳打的企业了，做工扎实，但是营销水平真的不行,BV1ZDGYz6Eko | 长城汽车智能化，如何向前走？,
3长城的智驾是元戎的方案，还是不错的,BV1ZDGYz6Eko | 长城汽车智能化，如何向前走？,
9蓝山车主表示还是挺好用的，算是第一梯队,BV1ZDGYz6Eko | 长城汽车智能化，如何向前走？,
<蓝山是元戎的方案，业内都知道是比较成熟的,BV1ZDGYz6Eko | 长城汽车智能化，如何向前走？,
5,BV1ZDGYz6Eko | 长城汽车智能化，如何向前走？,
1,BV1ZDGYz6Eko | 长城汽车智能化，如何向前走？,
9智能化营销，不是智能化研究！实事求是！,BV1ZDGYz6Eko | 长城汽车智能化，如何向前走？,
b有没有一种可能？高阶辅助驾驶 就是 人辅助车学驾驶？人不是更累了嘛？,BV1ZDGYz6Eko | 长城汽车智能化，如何向前走？,
5,BV1ZDGYz6Eko | 长城汽车智能化，如何向前走？,
	​相信,BV1ZDGYz6Eko | 长城汽车智能化，如何向前走？,
5,BV1ZDGYz6Eko | 长城汽车智能化，如何向前走？,
5,BV1ZDGYz6Eko | 长城汽车智能化，如何向前走？,
​不相信,BV1ZDGYz6Eko | 长城汽车智能化，如何向前走？,
3,BV1ZDGYz6Eko | 长城汽车智能化，如何向前走？,
5,BV1ZDGYz6Eko | 长城汽车智能化，如何向前走？,
	​相信,BV1ZDGYz6Eko | 长城汽车智能化，如何向前走？,
?我想知道，都自动驾驶了，买车的意义在哪里？,BV1ZDGYz6Eko | 长城汽车智能化，如何向前走？,
​不相信,BV1ZDGYz6Eko | 长城汽车智能化，如何向前走？,
3,BV1ZDGYz6Eko | 长城汽车智能化，如何向前走？,
5,BV1ZDGYz6Eko | 长城汽车智能化，如何向前走？,
5,BV1ZDGYz6Eko | 长城汽车智能化，如何向前走？,
	​相信,BV1ZDGYz6Eko | 长城汽车智能化，如何向前走？,
5,BV1ZDGYz6Eko | 长城汽车智能化，如何向前走？,
又是咖啡,BV1ZDGYz6Eko | 长城汽车智能化，如何向前走？,
5,BV1ZDGYz6Eko | 长城汽车智能化，如何向前走？,
5,BV1ZDGYz6Eko | 长城汽车智能化，如何向前走？,
5,BV1ZDGYz6Eko | 长城汽车智能化，如何向前走？,
5,BV1ZDGYz6Eko | 长城汽车智能化，如何向前走？,
​不相信,BV1ZDGYz6Eko | 长城汽车智能化，如何向前走？,
5,BV1ZDGYz6Eko | 长城汽车智能化，如何向前走？,
4,BV1ZDGYz6Eko | 长城汽车智能化，如何向前走？,
5,BV1ZDGYz6Eko | 长城汽车智能化，如何向前走？,
	​相信,BV1ZDGYz6Eko | 长城汽车智能化，如何向前走？,
不说王传福强调吗,BV1ZDGYz6Eko | 长城汽车智能化，如何向前走？,
$不相信 看看其他up的评测吧,BV1ZDGYz6Eko | 长城汽车智能化，如何向前走？,
	​相信,BV1ZDGYz6Eko | 长城汽车智能化，如何向前走？,
4,BV1ZDGYz6Eko | 长城汽车智能化，如何向前走？,
5,BV1ZDGYz6Eko | 长城汽车智能化，如何向前走？,
5,BV1ZDGYz6Eko | 长城汽车智能化，如何向前走？,
5,BV1ZDGYz6Eko | 长城汽车智能化，如何向前走？,
5,BV1ZDGYz6Eko | 长城汽车智能化，如何向前走？,
4,BV1ZDGYz6Eko | 长城汽车智能化，如何向前走？,
​不相信,BV1ZDGYz6Eko | 长城汽车智能化，如何向前走？,
5,BV1ZDGYz6Eko | 长城汽车智能化，如何向前走？,
5,BV1ZDGYz6Eko | 长城汽车智能化，如何向前走？,
5,BV1ZDGYz6Eko | 长城汽车智能化，如何向前走？,
​不相信,BV1ZDGYz6Eko | 长城汽车智能化，如何向前走？,
	​相信,BV1ZDGYz6Eko | 长城汽车智能化，如何向前走？,
1,BV1ZDGYz6Eko | 长城汽车智能化，如何向前走？,
​不相信,BV1ZDGYz6Eko | 长城汽车智能化，如何向前走？,
5,BV1ZDGYz6Eko | 长城汽车智能化，如何向前走？,
	​相信,BV1ZDGYz6Eko | 长城汽车智能化，如何向前走？,
!问答里敢字存在诱导嫌疑,BV1ZDGYz6Eko | 长城汽车智能化，如何向前走？,
	​相信,BV1ZDGYz6Eko | 长城汽车智能化，如何向前走？,
	​相信,BV1ZDGYz6Eko | 长城汽车智能化，如何向前走？,
	​相信,BV1ZDGYz6Eko | 长城汽车智能化，如何向前走？,
B国产汽车品牌，就能吹牛逼，一点都不注意安全。,BV1ZDGYz6Eko | 长城汽车智能化，如何向前走？,
	​相信,BV1ZDGYz6Eko | 长城汽车智能化，如何向前走？,
	​相信,BV1ZDGYz6Eko | 长城汽车智能化，如何向前走？,
芯片能用OTA升级？,BV1ZDGYz6Eko | 长城汽车智能化，如何向前走？,
 (2532fe69f:	​相信,BV1ZDGYz6Eko | 长城汽车智能化，如何向前走？,
5,BV1ZDGYz6Eko | 长城汽车智能化，如何向前走？,
5,BV1ZDGYz6Eko | 长城汽车智能化，如何向前走？,
​不相信,BV1ZDGYz6Eko | 长城汽车智能化，如何向前走？,
5,BV1ZDGYz6Eko | 长城汽车智能化，如何向前走？,
​不相信,BV1ZDGYz6Eko | 长城汽车智能化，如何向前走？,
​不相信,BV1ZDGYz6Eko | 长城汽车智能化，如何向前走？,
5,BV1ZDGYz6Eko | 长城汽车智能化，如何向前走？,
	​相信,BV1ZDGYz6Eko | 长城汽车智能化，如何向前走？,
5,BV1ZDGYz6Eko | 长城汽车智能化，如何向前走？,
5,BV1ZDGYz6Eko | 长城汽车智能化，如何向前走？,
5,BV1ZDGYz6Eko | 长城汽车智能化，如何向前走？,
4,BV1ZDGYz6Eko | 长城汽车智能化，如何向前走？,
c小魏同学。。。哈哈哈哈哈哈哈哈哈哈哈哈好哈哈哈哈哈哈哈哈哈哈哈哈好,BV1ZDGYz6Eko | 长城汽车智能化，如何向前走？,
5,BV1ZDGYz6Eko | 长城汽车智能化，如何向前走？,
​不相信,BV1ZDGYz6Eko | 长城汽车智能化，如何向前走？,
5,BV1ZDGYz6Eko | 长城汽车智能化，如何向前走？,
因为他们做不出来,BV1ZDGYz6Eko | 长城汽车智能化，如何向前走？,
!因为长城根本做不出来啊,BV1ZDGYz6Eko | 长城汽车智能化，如何向前走？,
1,BV1ZDGYz6Eko | 长城汽车智能化，如何向前走？,
菊花是什么,BV1ZDGYz6Eko | 长城汽车智能化，如何向前走？,
5,BV1ZDGYz6Eko | 长城汽车智能化，如何向前走？,
烦不烦 老是跳出来,BV1ZDGYz6Eko | 长城汽车智能化，如何向前走？,
!我相信别的也不相信长城,BV1ZDGYz6Eko | 长城汽车智能化，如何向前走？,
长城的车机确实是智障,BV1ZDGYz6Eko | 长城汽车智能化，如何向前走？,
1,BV1ZDGYz6Eko | 长城汽车智能化，如何向前走？,
>这是个专业的up吗，谁来判定他的视频是否专业,BV1ZDGYz6Eko | 长城汽车智能化，如何向前走？,
说了更丢人,BV1ZDGYz6Eko | 长城汽车智能化，如何向前走？,
5,BV1ZDGYz6Eko | 长城汽车智能化，如何向前走？,
5,BV1ZDGYz6Eko | 长城汽车智能化，如何向前走？,
5,BV1ZDGYz6Eko | 长城汽车智能化，如何向前走？,
5,BV1ZDGYz6Eko | 长城汽车智能化，如何向前走？,
5,BV1ZDGYz6Eko | 长城汽车智能化，如何向前走？,
	​相信,BV1ZDGYz6Eko | 长城汽车智能化，如何向前走？,
​不相信,BV1ZDGYz6Eko | 长城汽车智能化，如何向前走？,
​不相信,BV1ZDGYz6Eko | 长城汽车智能化，如何向前走？,
5,BV1ZDGYz6Eko | 长城汽车智能化，如何向前走？,
5,BV1ZDGYz6Eko | 长城汽车智能化，如何向前走？,
4,BV1ZDGYz6Eko | 长城汽车智能化，如何向前走？,
 (2f3713a99:​不相信,BV1ZDGYz6Eko | 长城汽车智能化，如何向前走？,
5,BV1ZDGYz6Eko | 长城汽车智能化，如何向前走？,
​不相信,BV1ZDGYz6Eko | 长城汽车智能化，如何向前走？,
	​相信,BV1ZDGYz6Eko | 长城汽车智能化，如何向前走？,
5,BV1ZDGYz6Eko | 长城汽车智能化，如何向前走？,
5,BV1ZDGYz6Eko | 长城汽车智能化，如何向前走？,
5,BV1ZDGYz6Eko | 长城汽车智能化，如何向前走？,
5,BV1ZDGYz6Eko | 长城汽车智能化，如何向前走？,
5,BV1ZDGYz6Eko | 长城汽车智能化，如何向前走？,
5,BV1ZDGYz6Eko | 长城汽车智能化，如何向前走？,
​不相信,BV1ZDGYz6Eko | 长城汽车智能化，如何向前走？,
5,BV1ZDGYz6Eko | 长城汽车智能化，如何向前走？,
5,BV1ZDGYz6Eko | 长城汽车智能化，如何向前走？,
	​相信,BV1ZDGYz6Eko | 长城汽车智能化，如何向前走？,
	​相信,BV1ZDGYz6Eko | 长城汽车智能化，如何向前走？,
	​相信,BV1ZDGYz6Eko | 长城汽车智能化，如何向前走？,
	​相信,BV1ZDGYz6Eko | 长城汽车智能化，如何向前走？,
A不成熟的东西就在应用  除非全民智能   画蛇添足,BV1ZDGYz6Eko | 长城汽车智能化，如何向前走？,
	​相信,BV1ZDGYz6Eko | 长城汽车智能化，如何向前走？,
	祥林嫂,BV1ZDGYz6Eko | 长城汽车智能化，如何向前走？,
​不相信,BV1ZDGYz6Eko | 长城汽车智能化，如何向前走？,
​不相信,BV1ZDGYz6Eko | 长城汽车智能化，如何向前走？,
​不相信,BV1ZDGYz6Eko | 长城汽车智能化，如何向前走？,
​不相信,BV1ZDGYz6Eko | 长城汽车智能化，如何向前走？,
​不相信,BV1ZDGYz6Eko | 长城汽车智能化，如何向前走？,
5,BV1ZDGYz6Eko | 长城汽车智能化，如何向前走？,
!先行者（指新建文件夹）,BV1ZDGYz6Eko | 长城汽车智能化，如何向前走？,
	​相信,BV1ZDGYz6Eko | 长城汽车智能化，如何向前走？,
!特宝贝的周杰伦的方向盘,BV1ZDGYz6Eko | 长城汽车智能化，如何向前走？,
​不相信,BV1ZDGYz6Eko | 长城汽车智能化，如何向前走？,
​不相信,BV1ZDGYz6Eko | 长城汽车智能化，如何向前走？,
​不相信,BV1ZDGYz6Eko | 长城汽车智能化，如何向前走？,
嗯，人开也很安全,BV1ZDGYz6Eko | 长城汽车智能化，如何向前走？,
	不相信,BV1ZDGYz6Eko | 长城汽车智能化，如何向前走？,
	不相信,BV1ZDGYz6Eko | 长城汽车智能化，如何向前走？,
	不相信,BV1ZDGYz6Eko | 长城汽车智能化，如何向前走？,
	​相信,BV1ZDGYz6Eko | 长城汽车智能化，如何向前走？,
​不相信,BV1ZDGYz6Eko | 长城汽车智能化，如何向前走？,
​不相信,BV1ZDGYz6Eko | 长城汽车智能化，如何向前走？,
​不相信,BV1ZDGYz6Eko | 长城汽车智能化，如何向前走？,
4,BV1ZDGYz6Eko | 长城汽车智能化，如何向前走？,
	​相信,BV1ZDGYz6Eko | 长城汽车智能化，如何向前走？,
智驾要man,BV1ZDGYz6Eko | 长城汽车智能化，如何向前走？,
​不相信,BV1ZDGYz6Eko | 长城汽车智能化，如何向前走？,
5,BV1ZDGYz6Eko | 长城汽车智能化，如何向前走？,
	​相信,BV1ZDGYz6Eko | 长城汽车智能化，如何向前走？,
	​相信,BV1ZDGYz6Eko | 长城汽车智能化，如何向前走？,
	​相信,BV1ZDGYz6Eko | 长城汽车智能化，如何向前走？,
毫末智行：啊对对对,BV1ZDGYz6Eko | 长城汽车智能化，如何向前走？,
5,BV1ZDGYz6Eko | 长城汽车智能化，如何向前走？,
5,BV1ZDGYz6Eko | 长城汽车智能化，如何向前走？,
5,BV1ZDGYz6Eko | 长城汽车智能化，如何向前走？,
2,BV1ZDGYz6Eko | 长城汽车智能化，如何向前走？,
​不相信,BV1ZDGYz6Eko | 长城汽车智能化，如何向前走？,
5,BV1ZDGYz6Eko | 长城汽车智能化，如何向前走？,
5,BV1ZDGYz6Eko | 长城汽车智能化，如何向前走？,
5,BV1ZDGYz6Eko | 长城汽车智能化，如何向前走？,
​不相信,BV1ZDGYz6Eko | 长城汽车智能化，如何向前走？,
这话说的到不错,BV1ZDGYz6Eko | 长城汽车智能化，如何向前走？,
​不相信,BV1ZDGYz6Eko | 长城汽车智能化，如何向前走？,
5,BV1ZDGYz6Eko | 长城汽车智能化，如何向前走？,
5,BV1ZDGYz6Eko | 长城汽车智能化，如何向前走？,
5,BV1ZDGYz6Eko | 长城汽车智能化，如何向前走？,
5,BV1ZDGYz6Eko | 长城汽车智能化，如何向前走？,
5,BV1ZDGYz6Eko | 长城汽车智能化，如何向前走？,
​不相信,BV1ZDGYz6Eko | 长城汽车智能化，如何向前走？,
​不相信,BV1ZDGYz6Eko | 长城汽车智能化，如何向前走？,
对菊花厂无效,BV1ZDGYz6Eko | 长城汽车智能化，如何向前走？,
某厂的2.9999级智驾,BV1ZDGYz6Eko | 长城汽车智能化，如何向前走？,
$魏公公的车还有人买？？？,BV1ZDGYz6Eko | 长城汽车智能化，如何向前走？,
5,BV1ZDGYz6Eko | 长城汽车智能化，如何向前走？,
敬畏合资,BV1ZDGYz6Eko | 长城汽车智能化，如何向前走？,
哈哈哈哈,BV1ZDGYz6Eko | 长城汽车智能化，如何向前走？,
*长城的美国研发中心还没有开吗,BV1ZDGYz6Eko | 长城汽车智能化，如何向前走？,
	​相信,BV1ZDGYz6Eko | 长城汽车智能化，如何向前走？,
蓝山智驾很不错,BV1ZDGYz6Eko | 长城汽车智能化，如何向前走？,
​不相信,BV1ZDGYz6Eko | 长城汽车智能化，如何向前走？,
5,BV1ZDGYz6Eko | 长城汽车智能化，如何向前走？,
	​相信,BV1ZDGYz6Eko | 长城汽车智能化，如何向前走？,
不揺碧莲,BV1ZDGYz6Eko | 长城汽车智能化，如何向前走？,
$自吹可以，别踩别人不行吗,BV1ZDGYz6Eko | 长城汽车智能化，如何向前走？,
相信,BV1ZDGYz6Eko | 长城汽车智能化，如何向前走？,
相信,BV1ZDGYz6Eko | 长城汽车智能化，如何向前走？,
相信,BV1ZDGYz6Eko | 长城汽车智能化，如何向前走？,
相信,BV1ZDGYz6Eko | 长城汽车智能化，如何向前走？,
相信,BV1ZDGYz6Eko | 长城汽车智能化，如何向前走？,
相信,BV1ZDGYz6Eko | 长城汽车智能化，如何向前走？,
相信,BV1ZDGYz6Eko | 长城汽车智能化，如何向前走？,
相信,BV1ZDGYz6Eko | 长城汽车智能化，如何向前走？,
相信,BV1ZDGYz6Eko | 长城汽车智能化，如何向前走？,
相信,BV1ZDGYz6Eko | 长城汽车智能化，如何向前走？,
相信,BV1ZDGYz6Eko | 长城汽车智能化，如何向前走？,
相信,BV1ZDGYz6Eko | 长城汽车智能化，如何向前走？,
相信,BV1ZDGYz6Eko | 长城汽车智能化，如何向前走？,
相信,BV1ZDGYz6Eko | 长城汽车智能化，如何向前走？,
相信,BV1ZDGYz6Eko | 长城汽车智能化，如何向前走？,
最踏实的车企长城,BV1ZDGYz6Eko | 长城汽车智能化，如何向前走？,
	不相信,BV1ZDGYz6Eko | 长城汽车智能化，如何向前走？,
	不相信,BV1ZDGYz6Eko | 长城汽车智能化，如何向前走？,
	不相信,BV1ZDGYz6Eko | 长城汽车智能化，如何向前走？,
	不相信,BV1ZDGYz6Eko | 长城汽车智能化，如何向前走？,
	不相信,BV1ZDGYz6Eko | 长城汽车智能化，如何向前走？,
